{"nodes":null,"selection":null,"view":{"scroll":{"x":826.881591796875,"y":649.27862548828125},"visible_rect":{"max":{"x":1282.5567626953125,"y":2521.14453125},"min":{"x":1276.38232421875,"y":1002.23272705078125}},"zoom":0.647832214832305908}}